,"On Hand","U/M","Avg Cost","Asset Value","% of Tot Asset","Sales Price","Retail Value","% of Tot Retail"
"Inventory",,,,,,,,
"GM34PBT100-AY (810312-023211 / #23211 PRINT V-NECK 3-4 BAND CLR TUNIC)",0,"EA",4.00,0.00,0%,999.00,0.00,0%
"GM34PVT100-AY (810312-022238 / #22238 PRINT V-NECK 3-4 SL TUNIC)",0,"EA",4.00,0.00,0%,999.00,0.00,0%
"GM34PWT100-AY (810312-023518 / #23518 PRINT 3-4 WAFFLE KNIT TUNIC)",36,"EA",4.00,144.00,0%,999.00,35964.00,0%
"GM34SPT100-AY (810312-023525 / #23525 SOLID 3-4 PLEAT BACK TUNIC)",0,"EA",4.00,0.00,0%,999.00,0.00,0%
"GM34SST100-AY (810312-023310 / #23310 SUPER SOFT 3-4 V SLV TUNIC)",0,"EA",3.56,0.00,0%,999.00,0.00,0%
"GM34SVT100-AY (810312-022450 / #22450 SOLID V-NECK 3-4 SL TUNIC)",0,"EA",4.00,0.00,0%,999.00,0.00,0%
"GMAFFM101-AY (810312-023181 / #23181 ADULT FABRIC FACE MASK (96 EA))",0,"EA",0.58,0.00,0%,999.00,0.00,0%
"GMAFFM102-AY (810312-023181 / #23181 ADULT FABRIC FACE MASK (192 EA))",0,"EA",0.64,0.00,0%,999.00,0.00,0%
"GMAFS100-FW (810312-021651 / #21651 ANTI-SLIP FUZZY SOCKS (2PK))",76104,"EA",0.97,73517.84,0.5%,999.00,76027896.00,1.5%
"GMAKH1000-FW (810312-020050 / #20050 ADORABLE KNITTED HAT (EA))",5823,"EA",1.91,11101.78,0.1%,999.00,5817177.00,0.1%
"GMASTB10-SS (810312-021323 / #21323 ANGEL SL. TIE BLOUSE (EA))",3072,"EA",2.35,7223.30,0%,999.00,3068928.00,0.1%
"GMATB1000-SS (810312-020067 / #20067 ADJUSTABLE TIE BLOUSE (EA))",4560,"EA",1.92,8764.26,0.1%,999.00,4555440.00,0.1%
"GMBA100-AY (810312-023174 / #23174 BANDANA (3 PACK))",9720,"EA",1.26,12219.98,0.1%,999.00,9710280.00,0.2%
"GMBBKHT100-FW (810312-021637 / #21637 KEY HOLE BUTTON TUNIC)",108,"EA",3.53,381.28,0%,999.00,107892.00,0%
"GMBFL101-FW (810312-021071 / #21071 BROCADE FLEECE LEGGINGS)",48,"EA",1.70,81.44,0%,999.00,47952.00,0%
"GMBSD100-AY (810312-023426 / #23426 BUBBLE SLEEVE DUSTER)",36,"EA",4.98,179.46,0%,999.00,35964.00,0%
"GMBST1000-FW (810312-020548 / #20548 BELL SLEEVE TUNIC)",0,"EA",2.74,0.00,0%,999.00,0.00,0%
"GMBST3000-FW (810312-021248 / #21248 BUTTON SLEEVE TUNIC)",0,"EA",3.07,0.00,0%,999.00,0.00,0%
"GMCAST100-SS (810312-022191 / #22191 CROCHET ACCENT SLEEVE TUNIC)",10512,"EA",3.57,37481.64,0.3%,999.00,10501488.00,0.2%
"GMCBTT100-FW (810312-021231 / #21231 CROSS-BACK TIE TUNIC)",0,"EA",3.62,0.00,0%,999.00,0.00,0%
"GMCHT100-SS (810312-021446 / #21446 CROSSOVER HEM TUNIC)",0,"EA",3.01,0.00,0%,999.00,0.00,0%
"GMCMSD1000-SS (810312-020487 / #20487 CNVRTBLE MAXI SKIRT DRESS)",0,"EA",2.33,0.00,0%,999.00,0.00,0%
"GMCNT100-SS (810312-021163 / #21163 CROCHET NECKLINE TUNIC)",0,"EA",3.13,0.00,0%,999.00,0.00,0%
"GMCP100-FW (810312-021644 / #21644 CORDUROY PANTS)",0,"EA",4.66,0.00,0%,999.00,0.00,0%
"GMCSSL100-SS (810312-021309 / #21309 PRINT CAPRI S. SOFT LEGNG)",15456,"EA",2.46,37951.34,0.3%,999.00,15440544.00,0.3%
"GMCSSL110-SS (810312-021293 / #21293 SOLID CAPRI S. SOFT LEGNG)",2593,"EA",2.61,6755.36,0%,999.00,2590407.00,0%
"GMCST10-SS (810312-022184 / #22184 COLD SHOULDER TUNIC)",0,"EA",3.92,0.00,0%,999.00,0.00,0%
"GMDFM100-AY (810312-023167 / #23167 DISP FACE MASK (40 BOXES))",0,"EA",3.97,0.00,0%,999.00,0.00,0%
"GMDFM101-AY (810312-023167 / #23167 DISP FACE MASK (48 BOXES))",0,"EA",0.70,0.00,0%,999.00,0.00,0%
"GMDGPSSL10-AY (810312-022160 / #22160 DG PRINT SUPER SOFT LEGGING)",0,"EA",1.59,0.00,0%,999.00,0.00,0%
"GMDJ100-AY (810312-021118 / #21118 DENIM JEGGING-SOLID)",192,"EA",5.58,1070.39,0%,999.00,191808.00,0%
"GMDLST1000-FW (810312-020975 / #20975 DOUBLE LACE SLEEVE TUNIC)",108,"EA",3.72,401.65,0%,999.00,107892.00,0%
"GMDTT100-SS (810312-021330 / #21330 DRAWSTRING TIE TUNIC)",8064,"EA",2.87,23110.83,0.2%,999.00,8055936.00,0.2%
"GMFBT1100-FW (810312-020685 / #20685 FLARE BOTTOM TUNIC)",648,"EA",2.74,1775.41,0%,999.00,647352.00,0%
"GMFD100-SS (810312-020760 / #20760 FRINGE DRESS - SOLID)",684,"EA",3.25,2224.16,0%,999.00,683316.00,0%
"GMFI210-AY (810312-020937 / #20937 FIRE & ICE-20 OZ TUMBLER W/BOX-(24/CS))",0,"EA",3.48,0.00,0%,999.00,0.00,0%
"GMFI215-AY (810312-020944 / #20944 FIRE & ICE-30 OZ TUMBLER W/BOX-(24/CS))",0,"EA",3.77,0.00,0%,999.00,0.00,0%
"GMFIS1000-FW (810312-020449 / #20449 FASHION INFINITY SCARF)",384,"EA",1.21,465.04,0%,999.00,383616.00,0%
"GMFIS1010-FW (810312-020432 / #20432 FRINGE INFINITY SCARF)",4128,"EA",1.33,5505.46,0%,999.00,4123872.00,0.1%
"GMFL1000-AY (810312-020494 / #20494 FASHION LANYARD)",2544,"EA",1.21,3085.43,0%,999.00,2541456.00,0%
"GMFL1020-AY (LANYARD DISPLAYER)",182,"EA",6.76,1228.89,0%,999.00,181818.00,0%
"GMFLT100-SS (810312-021187 / #21187 FULL LACE TUNIC)",6192,"EA",4.66,28841.01,0.2%,999.00,6185808.00,0.1%
"GMFS10030-SS (810312-020258 / #20258 FASHION SUNDRESS)",0,"EA",3.22,0.00,0%,999.00,0.00,0%
"GMFS10040-SS (810312-024300 / #24300 FASHION SUNDRESS)",0,"EA",3.35,0.00,0%,999.00,0.00,0%
"GMFS10050-SS (810312-020562 / #20562 FASH SUNDRESS - SHORT SLV)",0,"EA",2.50,0.00,0%,999.00,0.00,0%
"GMFS10060-SS (810312-020623 / #20623 SURPLICE SUNDRESS)",0,"EA",2.65,0.00,0%,999.00,0.00,0%
"GMFS10070-SS (810312-020838 / #20838 JUNIORS FASHION SUNDRESS)",0,"EA",1.57,0.00,0%,999.00,0.00,0%
"GMFT1000-AY (810312-020241 / #20241 FUNNY TEEZ)",5636,"EA",1.49,8403.45,0.1%,999.00,5630364.00,0.1%
"GMFTG100-FW (810312-020500 / #20500 FLIP-TOP GLOVE)",2624,"EA",1.56,4086.25,0%,999.00,2621376.00,0.1%
"GMG100-AY (GOGGLES)",2000,"EA",2.20,4409.00,0%,999.00,1998000.00,0%
"GMHLCHT100-AY (810312-023068 / #23068 HIGH LOW CURVED HEM TUNIC)",0,"EA",3.95,0.00,0%,999.00,0.00,0%
"GMHP1000-AY (810312-020647 / #20647 HAREM PANTS)",0,"EA",0.00,0.00,0%,999.00,0.00,0%
"GMHRAL100-AY (810312-023235 / #23235 HIGH RISE ATHLETIC LEGGINGS)",89568,"EA",4.88,436998.06,3%,999.00,89478432.00,1.7%
"GMHSLT100-SS (810312-020593 / #20593 HALF SLEEVE LACE TUNIC)",0,"EA",2.68,0.00,0%,999.00,0.00,0%
"GMHSSL100-FW (810312-023624 / #23624 (48 EA) HOLIDAY SUPER SOFT LEGGING)",288,"EA",1.68,483.67,0%,999.00,287712.00,0%
"GMHSSL200-FW (810312-023624 / #23624  (36 EA) HOLIDAY SUPER SOFT LEGGING)",2448,"EA",1.72,4199.98,0%,999.00,2445552.00,0%
"GMKFFM101-AY (810312-023198 / #23198 KIDS FABRIC FACE MASK (72 EA))",0,"EA",0.58,0.00,0%,999.00,0.00,0%
"GMKMST100-SS (810312-023136 / #23136 KIMONO SLEEVE TUNIC)",0,"EA",3.28,0.00,0%,999.00,0.00,0%
"GMKMST200-SS (810312-024607 / #24607 KIMONO SLEEVE TUNIC)",33948,"EA",4.09,138822.40,1%,999.00,33914052.00,0.7%
"GMKST100-SS (810312-021422 / #21422 KNOT SLEEVE TUNIC)",0,"EA",3.05,0.00,0%,999.00,0.00,0%
"GMKTSS100-FW (810312-024850 / #24850 2PC KNITTED TUNIC & SHORTS SET)",10680,"EA",0.00,0.00,0%,999.00,10669320.00,0.2%
"GMLBC1000-FW (810312-020739 / #20739 LACE BOOT CUFF (COTTON))",15768,"EA",1.64,25923.13,0.2%,999.00,15752232.00,0.3%
"GMLBS1000-FW (810312-020630 / #20630 LACE BOOT SOCKS (COTTON))",3960,"EA",1.88,7449.82,0.1%,999.00,3956040.00,0.1%
"GMLS100-AY (810312-023655 / #23655 LOUNGE SET)",24,"EA",7.52,179.54,0%,999.00,23976.00,0%
"GMLS100-FW (810312-021002 / #21002 LACE SCARF)",36048,"EA",2.18,78527.98,0.5%,999.00,36011952.00,0.7%
"GMLSSL100-SS (810312-020814 / #20814 LACE SUPER SOFT LEGGING)",48,"EA",1.80,86.50,0%,999.00,47952.00,0%
"GMLSTT100-FW (810312-021279 / #21279 LONG SLEEVE THERMAL TOP)",48,"EA",2.33,111.62,0%,999.00,47952.00,0%
"GMLTST100-FW (810312-020982 / #20982 LACE TRIM SLEEVE TUNIC)",0,"EA",2.70,0.00,0%,999.00,0.00,0%
"GMLTT1000-SS (810312-020586 / #20586 LACE TANK TOP)",0,"EA",2.36,0.00,0%,999.00,0.00,0%
"GMMFBS100-AY (810312-021477 / #21477 MULTIFUNCTN BACK SCRATCHR)",0,"EA",1.07,0.00,0%,999.00,0.00,0%
"GMND100-AY (810312-023303 / #23303 NIGHT DRESS WITH COZY SOCKS)",24,"EA",4.65,110.43,0%,999.00,23976.00,0%
"GMND200-AY (810312-024034 / #24034 NIGHT DRESS WITH COZY SOCKS)",28704,"EA",6.39,183349.07,1.3%,999.00,28675296.00,0.6%
"GMNDGB100-AY (810312-023891 / #23891 NIGHT DRESS WITH GIFT BOX)",20,"EA",7.35,147.01,0%,999.00,19980.00,0%
"GMNSS10-AY (810312-022146 / #22146 NO SHOW SOCKS (5 PK))",0,"EA",1.43,0.00,0%,999.00,0.00,0%
"GMOFC100-FW (810312-023877 / #23877 OPEN FRONT CARDIGAN)",6297,"EA",6.41,40353.98,0.3%,999.00,6290703.00,0.1%
"GMOSD100-SS (810312-021347 / #21347 OFF SHOULDER DRESS)",936,"EA",3.82,3571.69,0%,999.00,935064.00,0%
"GMOSLT1000-FW (810312-020708 / #20708 OPEN SLEEVE LACE TUNIC)",324,"EA",3.40,1102.91,0%,999.00,323676.00,0%
"GMP100-AY (810312-022535 / #22535 PASHMINAS)",0,"EA",1.93,0.00,0%,999.00,0.00,0%
"GMPDJ100-AY (810312-021552 / #21552 PRINTED JEGGING)",0,"EA",5.57,0.00,0%,999.00,0.00,0%
"GMPFL1010-FW (810312-020692 / #20692 PRINTED FLEECE LEGGINGS)",25381,"EA",2.47,62784.53,0.4%,999.00,25355619.00,0.5%
"GMPJP100-AY (810312-021125 / #21125 JOGGER PANTS - PRINTED)",0,"EA",3.04,0.00,0%,999.00,0.00,0%
"GMPKH100-FW (810312-024980 / #24980 PRINTED KNITTED HOODIE)",14460,"EA",0.00,0.00,0%,999.00,14445540.00,0.3%
"GMPMD100-SS (810312-020852 / #20852 PLEATED MAXI DRESS)",0,"EA",2.97,0.00,0%,999.00,0.00,0%
"GMPOS1000-FW (810312-020234 / #20234 PULL OVER SHAWL)",1908,"EA",3.21,6129.71,0%,999.00,1906092.00,0%
"GMPP21-FW (810312-020043 / #20043 PREMIUM PASHMINA SCARF - EA)",0,"EA",-0.00,0.00,0%,999.00,0.00,0%
"GMPPP120-SS (810312-020555 / #20555 PRINTED PALAZZO PANTS)",0,"EA",2.56,0.00,0%,999.00,0.00,0%
"GMPPP300-FW (810312-023754 / #23754 PRINTED PLUSH PANTS)",55008,"EA",4.23,232950.12,1.6%,999.00,54952992.00,1.1%
"GMPPS100-FW (810312-022603 / #22603 POM-POM SLIPPERS)",0,"EA",1.90,0.00,0%,999.00,0.00,0%
"GMPPS200-FW (810312-022603 / #PDQ POM-POM SLIPPERS)",0,"EA",2.50,0.00,0%,999.00,0.00,0%
"GMPPST200-FW (810312-021705 / #21705 PRINTED POCKET SWING TUNIC)",0,"EA",4.48,0.00,0%,999.00,0.00,0%
"GMPRKL100-AY (810312-024225 / #24225 PRINTED RIBBED KNIT LEGGINGS)",12819,"EA",4.99,63945.03,0.4%,999.00,12806181.00,0.2%
"GMPS100-FW (810312-021699 / #21699 PLAID SCARF)",192,"EA",2.40,462.27,0%,999.00,191808.00,0%
"GMPSFL100-FW (810312-023341 / #23341 PRINTED SEAMLESS FLEECE LEGGINGS)",23148,"EA",2.58,59646.04,0.4%,999.00,23124852.00,0.4%
"GMPST100-SS (810312-020784 / #20784 PINWHEEL SLEEVE TUNIC)",0,"EA",2.66,0.00,0%,999.00,0.00,0%
"GMPSV1000-FW (810312-021255 / #21255 SWEATER VEST - PRINTED)",16488,"EA",4.34,71531.36,0.5%,999.00,16471512.00,0.3%
"GMRA10210-AY (810312-020333 / #20333 4-WAY RACK WITH ARMS)",403,"EA",72.28,29129.60,0.2%,999.00,402597.00,0%
"GMRA10215-AY (810312-021033 / #21033 ATTACHMENT ARM)",7796,"EA",2.01,15660.46,0.1%,0.00,0.00,0%
"GMRA10216-AY (810312-022627 / #22627 ARM CLIP (AC))",11858,"EA",0.08,968.36,0%,0.00,0.00,0%
"GMRA10219-AY (810312-021088 / #21088 J-HOOK 10'' (JH))",4816,"EA",0.50,2418.06,0%,0.00,0.00,0%
"GMRA10220-AY (810312-021040 / #21040 PEG HOOK (PH))",3762,"EA",0.93,3513.76,0%,0.00,0.00,0%
"GMRA10223-AY (810312-022610 / #22610 HOOK CLIP (HC))",3721,"EA",0.15,560.86,0%,0.00,0.00,0%
"GMRA10225-AY (810312-021545 / #21545 1-2 WAY RACK)",723,"EA",39.95,28879.11,0.2%,999.00,722277.00,0%
"GMRBH100-AY (810312-024324 / #24324 REVERSIBLE BUCKET HATS)",16368,"EA",2.30,37589.47,0.3%,999.00,16351632.00,0.3%
"GMRHMD100-SS (810312-022252 / #22252 ROUND HEM MAXI DRESS)",108,"EA",3.81,412.00,0%,999.00,107892.00,0%
"GMRHMD200-SS (810312-024416 / #24416 ROUND HEM MAXI DRESS)",11592,"EA",4.55,52737.41,0.4%,999.00,11580408.00,0.2%
"GMRST1000-SS (810312-020753 / #20753 RUFFLE SLEEVE TUNIC)",36,"EA",2.91,104.63,0%,999.00,35964.00,0%
"GMRTST100-SS (810312-022436 / #22436 ROLL TAB 3-4 SLEEVE TUNIC)",2808,"EA",3.96,11125.30,0.1%,999.00,2805192.00,0.1%
"GMRUST200-FW (810312-021729 / #21729 ROLL UP SLEEVE TUNIC)",0,"EA",4.47,0.00,0%,999.00,0.00,0%
"GMS200-SS (810312-022283 / #22283 SARONG (48 EACH))",33811,"EA",3.39,114649.10,0.8%,999.00,33777189.00,0.7%
"GMSAT100-SS (810312-021194 / #21194 SLIT ACCENT PANTS)",0,"EA",2.76,0.00,0%,999.00,0.00,0%
"GMSBS100-FW (810312-020517 / #20517 SEQUIN BALLERINA SLIPPERS)",150,"EA",1.50,224.08,0%,999.00,149850.00,0%
"GMSBST100-SS (810312-023433 / #23433 SOLID BACK SLIT TUNIC)",0,"EA",4.73,0.00,0%,999.00,0.00,0%
"GMSCU100-SS (810312-021439 / #21439 SILKY COVER UP)",27180,"EA",4.24,115116.77,0.8%,999.00,27152820.00,0.5%
"GMSCU200-SS (810312-024423 / #24423 SILKY COVER UP)",21925,"EA",5.45,119494.01,0.8%,999.00,21903075.00,0.4%
"GMSCYP100-AY (810312-023501 / #23501 SOLID COTTON YOGA PANTS)",84804,"EA",5.26,445751.40,3.1%,999.00,84719196.00,1.6%
"GMSFL1010-FW (810312-020456 / #20456 SEAMLESS FLEECE LEGGINGS)",108672,"EA",1.94,210501.13,1.5%,999.00,108563328.00,2.1%
"GMSFTL100-FW (810312-024072 / #24072 SEAMLESS FRENCH TERRY LEGGINGS)",4512,"EA",2.87,12944.46,0.1%,999.00,4507488.00,0.1%
"GMSKH100-AY (810312-024799 / #24799 SOLID KNITTED HOODIE)",31638,"EA",6.89,217944.34,1.5%,999.00,31606362.00,0.6%
"GMSKP100-AY (810312-024805 / #24805 SOLID KNITTED PANTS)",37050,"EA",6.47,239571.80,1.7%,999.00,37012950.00,0.7%
"GMSL120-AY (810312-021170 / #21170 SPORT LEGGING)",96,"EA",3.09,297.09,0%,999.00,95904.00,0%
"GMSLT100-SS (810312-020791 / #20791 SLEEVELESS LACE TUNIC)",0,"EA",2.83,0.00,0%,999.00,0.00,0%
"GMSLT1000-SS (810312-020609 / #20609 SOLID LACE TUNIC)",0,"EA",2.92,0.00,0%,999.00,0.00,0%
"GMSMS100-SS (810312-022214 / #22214 SLIT MAXI SKIRT)",2016,"EA",3.54,7144.94,0%,999.00,2013984.00,0%
"GMSP200-AY (810312-021941 / #21941 SCRUB PANTS - BLACK)",0,"EA",3.82,0.00,0%,999.00,0.00,0%
"GMSP205-AY (810312-022023 / #22023 SCRUB PANTS - GRAY)",0,"EA",3.85,0.00,0%,999.00,0.00,0%
"GMSP210-AY (810312-022061 / #22061 SCRUB PANTS - ROYAL BLUE)",0,"EA",3.83,0.00,0%,999.00,0.00,0%
"GMSP215-AY (810312-022108 / #22108 SCRUB PANTS - CEIL BLUE)",0,"EA",3.84,0.00,0%,999.00,0.00,0%
"GMSP220-AY (810312-021989 / #21989 SCRUB PANTS - NAVY)",0,"EA",4.50,0.00,0%,999.00,0.00,0%
"GMSPP110-FW (810312-020340 / #20340 SUPER PLUSH PANTS)",72,"EA",2.59,186.57,0%,999.00,71928.00,0%
"GMSPP120-SS (810312-021132 / #21132 SOLID PALAZZO PANTS)",0,"EA",3.20,0.00,0%,999.00,0.00,0%
"GMSPPT100-SS (810312-022269 / #22269 SLVELESS PRINT POCKET TUN)",0,"EA",3.52,0.00,0%,999.00,0.00,0%
"GMSPST200-FW (810312-021712 / #21712 SOLID POCKET SWING TUNIC)",36,"EA",4.43,159.38,0%,999.00,35964.00,0%
"GMSRKL100-AY (810312-024232 / #24232 SOLID RIBBED KNIT LEGGINGS)",2268,"EA",5.15,11690.81,0.1%,999.00,2265732.00,0%
"GMSRMD100-SS (810312-024836 / #24836 SOLID RIBBED MIDI DRESS)",3456,"EA",0.00,0.00,0%,999.00,3452544.00,0.1%
"GMSRST100-SS (810312-024935 / #24935 SOLID ROLLED SLEEVE TUNIC)",2592,"EA",0.00,0.00,0%,999.00,2589408.00,0%
"GMSS18000-AY (810312-021736 / #21736 GILDAN 18000-SWEATSHIRT WT-(L))",0,"EA",4.55,0.00,0%,999.00,0.00,0%
"GMSSH100-AY (810312-023884 / #23884 SUPER SOFT HOODIE)",62130,"EA",6.05,375723.64,2.6%,999.00,62067870.00,1.2%
"GMSSL1010-AY (810312-020463 / #20463 PRINT SUPER SOFT LEGGING)",96,"EA",2.07,198.60,0%,999.00,95904.00,0%
"GMSSL1020-AY (810312-020654 / #20654 SOLID SUPER SOFT LEGGING)",23904,"EA",2.34,55879.89,0.4%,999.00,23880096.00,0.5%
"GMSSL1025-AY (810312-021682 / #21682 BLACK-SUPER SOFT LEGGING)",0,"EA",1.96,0.00,0%,999.00,0.00,0%
"GMSSL1030-SS (810312-020913 / #20913 SOLID SUP SOFT LEGG-BRITE)",0,"EA",1.56,0.00,0%,999.00,0.00,0%
"GMSSL1040-AY (810312-020951 / #20951 JR SUP SOFT LEGGING -PRNT)",0,"EA",1.23,0.00,0%,999.00,0.00,0%
"GMSSL1050-FW (810312-025109 / #25109 CHRISTMAS SUP SOFT LEGGING)",48,"EA",1.56,75.05,0%,999.00,47952.00,0%
"GMSSL1060-AY (810312-022306 / #22306 L-2XL PRINT SUP SOFT LEGGING)",0,"EA",1.72,0.00,0%,999.00,0.00,0%
"GMSSLST100-AY (810312-023761 / #23761 SUPER SOFT LONG SLEEVE TEE)",50064,"EA",3.36,167973.79,1.2%,999.00,50013936.00,1%
"GMSSPP-FW (810312-021316 / #21316 SUPER SOFT PAJAMA PANTS)",0,"EA",0.00,0.00,0%,999.00,0.00,0%
"GMSSPT200-SS (810312-023440 / #23440 SOLID SHORT SLV PKT TUNIC)",2344,"EA",4.40,10319.09,0.1%,999.00,2341656.00,0%
"GMSST100-SS (810312-021415 / #21415 SPLIT SLEEVE TUNIC)",4244,"EA",3.31,14038.80,0.1%,999.00,4239756.00,0.1%
"GMST100-AY (810312-021743 / #21743 SCRUB TOP - BLACK)",0,"EA",3.66,0.00,0%,999.00,0.00,0%
"GMST105-AY (810312-021828 / #21828 SCRUB TOP - GRAY)",0,"EA",3.70,0.00,0%,999.00,0.00,0%
"GMST110-AY (810312-021866 / #21866 SCRUB TOP - ROYAL BLUE)",0,"EA",3.68,0.00,0%,999.00,0.00,0%
"GMST115-AY (810312-021903 / #21903 SCRUB TOP - CEIL BLUE)",0,"EA",3.67,0.00,0%,999.00,0.00,0%
"GMST120-AY (810312-021781 / #21781 SCRUB TOP - NAVY)",0,"EA",4.50,0.00,0%,999.00,0.00,0%
"GMSWKT100-FW (810312-023228 / #23228 SOLID WAFFLE KNIT TUNIC)",34164,"EA",5.61,191638.00,1.3%,999.00,34129836.00,0.7%
"GMTFK100-SS (810312-022221 / #22221 TIE FRONT KIMONO)",8172,"EA",3.70,30201.14,0.2%,999.00,8163828.00,0.2%
"GMTFL100-FW (810312-021668 / #21668 TEXTURED FLEECE LEGGINGS)",0,"EA",1.89,0.00,0%,999.00,0.00,0%
"GMTFL200-FW (810312-023914 / #23914 TEXTURED FLEECE LEGGINGS)",5424,"EA",2.00,10848.00,0.1%,999.00,5418576.00,0.1%
"GMTK100-AY (810312-021576 / #21576 TIDY KEYS (24/CS))",2872,"EA",4.45,12775.40,0.1%,999.00,2869128.00,0.1%
"GMTK105-AY (810312-021576 / #21576 TIDY KEYS (48/CS))",1858,"EA",4.45,8268.23,0.1%,999.00,1856142.00,0%
"GMTST100-SS (810312-021156 / #21156 TIE SLEEVE TUNIC)",1692,"EA",2.83,4784.71,0%,999.00,1690308.00,0%
"GMTST200-SS (810312-022207 / #22207 TULIP SLEEVE TUNIC)",0,"EA",0.00,0.00,0%,999.00,0.00,0%
"GMTTBD100-SS (810312-023112 / #23112 TASSEL TIE BACK MAXI DRESS)",0,"EA",3.58,0.00,0%,999.00,0.00,0%
"GMTWMD100-SS (810312-022153 / #22153 TIE WAIST MAXI DRESS)",973,"EA",5.35,5207.81,0%,999.00,972027.00,0%
"GMTWMD200-SS (810312-024270 / #24270 TIE WAIST MAXI DRESS)",54360,"EA",5.58,303251.27,2.1%,999.00,54305640.00,1%
"GMTXT100-AY (810312-021507 / #21507 TX TUMBLER - 20 OZ (24/CS))",624,"EA",4.55,2841.36,0%,999.00,623376.00,0%
"GMTXT110-AY (810312-021514 / #21514 TX TUMBLER - 30 OZ (24/CS))",24,"EA",4.96,118.87,0%,999.00,23976.00,0%
"GMUHTS100-FW (810312-024782 / #24782 UNISEX HALLOWEEN T-SHIRTS)",16632,"EA",4.12,68604.34,0.5%,999.00,16615368.00,0.3%
"GMUSL1000-FW (810312-020999 / #20999 ULTRA STRETCH LEGGING)",432,"EA",2.50,1081.93,0%,999.00,431568.00,0%
"GMWPP100-FW (810312-020777 / #20777 WINTER PALAZZO PANTS)",252,"EA",2.31,582.06,0%,999.00,251748.00,0%
"GMWT100-AY (810312-021521 / #21521 WINE TUMBLR  12 OZ -GLOSS)",108,"EA",3.08,332.64,0%,999.00,107892.00,0%
"GMWT110-AY (810312-021538 / #21538 WINE TUMBLR  12 OZ-MTALIC)",7272,"EA",2.84,20651.93,0.1%,999.00,7264728.00,0.1%
"GMWTS110-AY (810312-021361 / #21361 GILDAN 5400-LONG SL WHITE-(MD))",216,"EA",2.45,529.20,0%,999.00,215784.00,0%
"GMWTS115-AY (810312-021378 / #21378 GILDAN 5400-LONG SL WHITE-(LG))",216,"EA",2.52,544.32,0%,999.00,215784.00,0%
"GMWTS120-AY (810312-021385 / #21385 GILDAN 5400-LONG SL WHITE-(XL))",144,"EA",2.27,326.16,0%,999.00,143856.00,0%
"GMXBST1100-FW (810312-020715 / #20715 2XL-3XL-BELL SLV TUNIC)",0,"EA",3.35,0.00,0%,999.00,0.00,0%
"GMXBST3100-FW (810312-021675 / #21675 2XL-3XL-BUTTON SLV TUNIC)",72,"EA",3.55,256.01,0%,999.00,71928.00,0%
"GMXCNT120-SS (810312-021217 / #21217 2XL-3XL-CROCHET NKLNE TUN)",0,"EA",3.46,0.00,0%,999.00,0.00,0%
"GMXDJ110-AY (810312-021453 / #21453 2XL-3XL-DENIM JEGGING)",493,"EA",5.40,2662.32,0%,999.00,492507.00,0%
"GMXDLST2000-FW (810312-021026 / #21026 2XL-3XL-DBLE LACE SLV TUN)",720,"EA",4.12,2963.29,0%,999.00,719280.00,0%
"GMXFBT1120-FW (810312-020722 / #20722 2XL-3XL-FLARE BOTTOM TUN)",0,"EA",3.06,0.00,0%,999.00,0.00,0%
"GMXFS10048-SS (810312-020470 / #20470 2XL-3XL-FASHION SUNDRESS)",144,"EA",2.62,378.58,0%,999.00,143856.00,0%
"GMXHSLT110-SS (810312-020869 / #20869 2XL-3XL-HALF SLV LACE TUN)",0,"EA",3.10,0.00,0%,999.00,0.00,0%
"GMXLTST200-FW (810312-021019 / #21019 2XL-3XL-LACE TRIM SLV TUN)",360,"EA",3.30,1188.63,0%,999.00,359640.00,0%
"GMXOSLT1100-FW (810312-020746 / #20746 2XL-3XL-OPEN SLV LACE TUNIC)",216,"EA",4.13,892.79,0%,999.00,215784.00,0%
"GMXPHT1000-FW (810312-023259 / #23259 2XL-3XL-PRINT HNKCHEF HEM TUN)",720,"EA",5.41,3897.72,0%,999.00,719280.00,0%
"GMXPKT1000-FW (810312-023273 / #23273 2XL-3XL-PLUSH KNIT TUNIC)",612,"EA",6.19,3786.08,0%,999.00,611388.00,0%
"GMXPPP130-SS (810312-020890 / #20890 2XL-3XL-PRINT PALAZO PNTS)",0,"EA",2.46,0.00,0%,999.00,0.00,0%
"GMXPPST220-FW (810312-022672 / #22672 2XL-3XL-PRINT PKT SWG TUN)",0,"EA",4.02,0.00,0%,999.00,0.00,0%
"GMXPST110-SS (810312-020883 / #20883 2XL-3XL-PINWHEEL SLV TUNIC)",0,"EA",2.99,0.00,0%,999.00,0.00,0%
"GMXRST1010-SS (810312-020876 / #20876 2XL-3XL-RUFFLE SLV TUNIC)",0,"EA",3.42,0.00,0%,999.00,0.00,0%
"GMXSPPT200-SS (810312-023471 / #23471 2XL-3XL SLVELESS PRINT PKT TUN)",0,"EA",3.85,0.00,0%,999.00,0.00,0%
"GMXSPST220-FW (810312-022689 / #22689 2XL-3XL-SOLID PKT SWG TUN)",648,"EA",4.66,3018.03,0%,999.00,647352.00,0%
"GMXTST120-SS (810312-021200 / #21200 2XL-3XL-TIE SLEEVE TUNIC)",360,"EA",3.12,1124.14,0%,999.00,359640.00,0%
"GMXWPP200-FW (810312-020920 / #20920 2XL-3XL-WINTR PALAZO PANT)",0,"EA",2.56,0.00,0%,999.00,0.00,0%
"GMXWTS106-AY (810312-021484 / #21484 2XL-GILDAN 5000-SHORT SL WHITE)",72,"EA",2.76,198.71,0%,999.00,71928.00,0%
"GMXWTS107-AY (810312-021491 / #21491 3XL-GILDAN 5000-SHORT SL WHITE)",108,"EA",3.23,348.84,0%,999.00,107892.00,0%
"GMXWTS130-AY (810312-021224 / #21224 2XL-GILDAN 5400-LONG SL WHITE)",72,"EA",3.52,253.44,0%,999.00,71928.00,0%
"GMYP100-AY (810312-021569 / #21569 YOGA PANTS)",9144,"EA",4.49,41032.54,0.3%,999.00,9134856.00,0.2%
"LI34SWKT101-AY (810312-024751 / #24751 PRINT 3-4 SLEEVE WAFFLE KNIT TUNIC S-XL (T...",14352,"EA",4.17,59889.07,0.4%,999.00,14337648.00,0.3%
"LI34SWKT102-AY (810312-024768 / #24768 PRINT 3-4 SLEEVE WAFFLE KNIT TUNIC 2XL-3XL...",828,"EA",4.16,3440.10,0%,999.00,827172.00,0%
"LI34SWKT103-AY (810312-024775 / #24775 ROLLED 3-4 SLEEVE WAFFLE KNIT TUNIC S-XL (...",7434,"EA",5.99,44558.43,0.3%,999.00,7426566.00,0.1%
"LIBDCL201-AY (810312-024461 / #24461 BUBBLE SLEEVE DUSTER (PW6154))",18880,"EA",4.91,92659.82,0.6%,999.00,18861120.00,0.4%
"LIBDCL202-AY (810312-024454 / #24454 COTTON LEGGINGS (PW6154))",18880,"EA",4.99,94285.12,0.7%,999.00,18861120.00,0.4%
"LIBFST101-FW (810312-020548 / #20548 BELL SLEEVE TUNIC (T8548))",0,"EA",2.88,0.00,0%,999.00,0.00,0%
"LIBFST102-FW (810312-020685 / #20685 FLARE BOTTOM TUNIC (T8548))",0,"EA",2.95,0.00,0%,999.00,0.00,0%
"LIBSD101-AY (810312-023426 / #23426 BUBBLE SLEEVE DUSTER (PWP))",48,"EA",4.77,241.52,0%,999.00,47952.00,0%
"LIBSSL101-AY (810312-024164 / #24164 BLACK SUPER SOFT LEGGINGS - S-2XL (L6471))",16808,"EA",2.48,41643.17,0.3%,999.00,16791192.00,0.3%
"LIBSSL102-AY (810312-024171 / #24171 BLACK SUPER SOFT LEGGINGS - 2XL-3XL (L6471))",1528,"EA",2.48,3785.91,0%,999.00,1526472.00,0%
"LIBST201-FW (810312-021248 / #21248 BUTTON SLEEVE TUNIC S-M (T4865))",0,"EA",3.10,0.00,0%,999.00,0.00,0%
"LIBST202-FW (810312-022665 / #22665 BUTTON SLEEVE TUNIC L-XL (T4865))",0,"EA",3.10,0.00,0%,999.00,0.00,0%
"LIBST301-FW (810312-021248 / #21248 BUTTON SLEEVE TUNIC S-XL (T4875))",210,"EA",3.50,735.00,0%,999.00,209790.00,0%
"LIBST302-FW (810312-021675 / #21675 2XL-3XL-BUTTON SLV TUNIC (T4875))",42,"EA",4.00,168.00,0%,999.00,41958.00,0%
"LIBWKJP101-FW (810312-023952 / #23952 BOYS WAFFLE KNIT PULLOVER (B5269))",3114,"EA",4.36,13565.47,0.1%,999.00,3110886.00,0.1%
"LIBWKJP102-FW (810312-023969 / #23969 BOYS FLEECE JOGGER PANTS (B5269))",4152,"EA",6.07,25217.60,0.2%,999.00,4147848.00,0.1%
"LICJJ101-AY (810312-023594 / #23594 CAPRI JEAN JEGGING S-XL (J9431))",28188,"EA",6.86,193403.32,1.3%,999.00,28159812.00,0.5%
"LICJJ102-AY (810312-023631 / #23631 CAPRI JEAN JEGGING 2XL-3XL (J9431))",3132,"EA",6.86,21490.87,0.1%,999.00,3128868.00,0.1%
"LICP201-FW (810312-021644 / #21644 CORDUROY PANTS S-M (P4401))",2380,"EA",4.62,11007.03,0.1%,999.00,2377620.00,0%
"LICP202-FW (810312-022801 / #22801 CORDUROY PANTS L-XL (P4401))",3740,"EA",4.62,17296.87,0.1%,999.00,3736260.00,0.1%
"LICSSL101-SS (810312-024379 / #24379 PRINT CAPRI S. SOFT LEGNG (L7986))",44132,"EA",2.59,114180.16,0.8%,999.00,44087868.00,0.9%
"LICSSL102-SS (810312-024386 / #24386 PRINT CAPRI S. SOFT LEGNG 2XL-3XL (L7986))",4012,"EA",2.59,10379.89,0.1%,999.00,4007988.00,0.1%
"LICSSL111-SS (810312-024355 / #24355 SOLID CAPRI S. SOFT LEGNG (L5562))",104456,"EA",2.73,285322.09,2%,999.00,104351544.00,2%
"LICSSL112-SS (810312-024362 / #24362 SOLID CAPRI S. SOFT LEGNG 2XL-3XL (L5562))",9496,"EA",2.73,25951.69,0.2%,999.00,9486504.00,0.2%
"LICSST101-AY (810312-022399 / #22399 COTTON SIDE SLIT TEE S (T9905))",0,"EA",2.84,0.00,0%,999.00,0.00,0%
"LICSST102-AY (810312-022405 / #22405 COTTON SIDE SLIT TEE M (T9905))",0,"EA",2.84,0.00,0%,999.00,0.00,0%
"LICSST103-AY (810312-022412 / #22412 COTTON SIDE SLIT TEE L (T9905))",0,"EA",2.84,0.00,0%,999.00,0.00,0%
"LICSST104-AY (810312-022429 / #22429 COTTON SIDE SLIT TEE XL (T9905))",0,"EA",2.83,0.00,0%,999.00,0.00,0%
"LICYP201-AY (810312-022788 / #22788 COTTON YOGA PANTS S-M (P8895))",104,"EA",4.49,466.98,0%,999.00,103896.00,0%
"LICYP202-AY (810312-022795 / #22795 COTTON YOGA PANTS L-XL (P8895))",184,"EA",4.49,826.11,0%,999.00,183816.00,0%
"LIDLST101-FW (810312-020975 / #20975 DOUBLE LACE SLEEVE TUNIC S-XL (T7526))",60,"EA",2.88,172.85,0%,999.00,59940.00,0%
"LIDLST102-FW (810312-021026 / #21026 DOUBLE LACE SLEEVE TUNIC 2XL-3XL (T7526))",6,"EA",2.88,17.29,0%,999.00,5994.00,0%
"LIFFMA101-AY (810312-023181 / #23181 FABRIC FACE MASK - ADULT (M8198))",1397088,"EA",0.62,861637.89,5.9%,999.00,1395690912.00,26.9%
"LIFFMK102-AY (810312-023198 / #23198 FABRIC FACE MASK - KIDS (M8198))",258348,"EA",0.62,159321.38,1.1%,999.00,258089652.00,5%
"LIFS10041-SS (810312-020258 / #20258 FASHION SUNDRESS (D5823))",0,"EA",2.15,0.00,0%,999.00,0.00,0%
"LIFS10042-SS (810312-020623 / #20623 SURPLICE SUNDRESS (D5823))",0,"EA",2.61,0.00,0%,999.00,0.00,0%
"LIFS101-SS (810312-020258 / #20258 FASHION SUNDRESS S-XL (D5870))",1548,"EA",2.15,3320.69,0%,999.00,1546452.00,0%
"LIFS102-SS (810312-020470 / #20470 FASHION SUNDRESS 2XL-3XL (D5870))",516,"EA",2.15,1106.98,0%,999.00,515484.00,0%
"LIFS201-SS (810312-024300 / #24300 FASHION SUNDRESS S-XL (D1070))",17408,"EA",3.71,64593.44,0.4%,999.00,17390592.00,0.3%
"LIFS202-SS (810312-024317 / #24317 FASHION SUNDRESS 2XL-3XL (D1070))",2176,"EA",3.72,8093.30,0.1%,999.00,2173824.00,0%
"LIGDL101-AY (810312-023921 / #23921 GIRLS 3-4 SLEEVE CUTOUT BACK DRESS (G2138))",0,"EA",2.97,0.00,0%,999.00,0.00,0%
"LIGDL102-AY (810312-023938 / #23938 GIRLS SUPER SOFT LEGGINGS - PRINTED (G2138))",0,"EA",1.64,0.00,0%,999.00,0.00,0%
"LIGDL103-AY (810312-023945 / #23945 GIRLS SUPER SOFT LEGGINGS - SOLID (G2138))",0,"EA",1.69,0.00,0%,999.00,0.00,0%
"LIHFL101-FW (810312-022962 / #22962 HOLIDAY FLEECE LEGGINGS S-L (L6279))",0,"EA",2.71,0.00,0%,999.00,0.00,0%
"LIHFL102-FW (810312-022979 / #22979 HOLIDAY FLEECE LEGGINGS L-3XL (L6279))",0,"EA",2.71,0.00,0%,999.00,0.00,0%
"LIHFL201-FW (810312-022962 / #22962 HOLIDAY FLEECE LEGGINGS S-L (L6279))",1056,"EA",2.46,2597.01,0%,999.00,1054944.00,0%
"LIHFL202-FW (810312-022979 / #22979 HOLIDAY FLEECE LEGGINGS L-3XL (L6279))",2112,"EA",2.46,5194.01,0%,999.00,2109888.00,0%
"LIHLCHT101-SS (810312-024591 / #24591 HIGH LOW CURVED HEM TUNIC S-XL (T9152))",60160,"EA",4.67,280980.95,1.9%,999.00,60099840.00,1.2%
"LIHLCHT102-SS (810312-024652 / #24652 HIGH LOW CURVED HEM TUNIC 2XL-3XL (T9152))",7520,"EA",4.67,35125.25,0.2%,999.00,7512480.00,0.1%
"LIHWSSLH101-FW (810312-024812 / #24812 HALLOWEEN SUPER SOFT HOODIE S-3XL (HW2912))",0,"EA",5.66,0.00,0%,999.00,0.00,0%
"LIHWSSLH102-FW (810312-024829 / #24829 HALLOWEEN SUPER SOFT LEGGINGS S-3XL (HW2912))",0,"EA",2.06,0.00,0%,999.00,0.00,0%
"LIJJ101-AY (810312-022177 / #22177 JEAN JEGGING S-M (J7742))",70,"EA",6.54,457.77,0%,999.00,69930.00,0%
"LIJJ102-AY (810312-022542 / #22542 JEAN JEGGING L-XL (J7742))",110,"EA",6.54,719.54,0%,999.00,109890.00,0%
"LIKC101-FW (810312-022986 / #22986 KIMONO CARDIGAN S-M (C8693))",2100,"EA",5.24,11004.95,0.1%,999.00,2097900.00,0%
"LIKC102-FW (810312-022993 / #22993 KIMONO CARDIGAN L-XL (C8693))",2100,"EA",5.24,11004.95,0.1%,999.00,2097900.00,0%
"LIKFT201-FW (810312-022818 / #22818 KNOT FRONT TUNIC S-M (T1825))",2,"EA",2.47,5.08,0%,999.00,1998.00,0%
"LIKFT202-FW (810312-022825 / #22825 KNOT FRONT TUNIC L-XL (T1825))",0,"EA",2.47,0.00,0%,999.00,0.00,0%
"LILP101-AY (810312-022696 / #22696 LOUNGE PANTS S-M (P9602))",0,"EA",5.30,0.00,0%,999.00,0.00,0%
"LILP102-AY (810312-022702 / #22702 LOUNGE PANTS L-XL (P9602))",1,"EA",5.30,5.36,0%,999.00,999.00,0%
"LILP201-AY (810312-023556 / #23556 LOUNGE PANTS S-M (P5663))",34552,"EA",6.41,221512.98,1.5%,999.00,34517448.00,0.7%
"LILP202-AY (810312-023563 / #23563 LOUNGE PANTS L-XL (P5663))",54297,"EA",6.41,348119.14,2.4%,999.00,54242703.00,1%
"LILSTT201-FW (810312-021279 / #21279 LONG SLEEVE THERMAL TOP S-M (T7997))",0,"EA",2.00,0.00,0%,999.00,0.00,0%
"LILSTT202-FW (810312-022580 / #22580 LONG SLEEVE THERMAL TOP L-XL (T7997))",0,"EA",2.30,0.00,0%,999.00,0.00,0%
"LILSTT203-FW (810312-022597 / #22597 LONG SLEEVE THERMAL TOP 2XL-3XL (T7997))",0,"EA",2.30,0.00,0%,999.00,0.00,0%
"LIODJ301-AY (810312-023723 / #23723 ORIGINAL DENIM JEGGING S-M (J4723))",9295,"EA",5.83,54235.54,0.4%,999.00,9285705.00,0.2%
"LIODJ302-AY (810312-023730 / #23730 ORIGINAL DENIM JEGGING L-XL (J4723))",16445,"EA",5.84,95968.61,0.7%,999.00,16428555.00,0.3%
"LIODJ303-AY (810312-023747 / #23747 ORIGINAL DENIM JEGGING 2XL-3XL (J4723))",2860,"EA",5.83,16687.25,0.1%,999.00,2857140.00,0.1%
"LIODJ401-AY (810312-023723 / #23723 ORIGINAL DENIM JEGGING S-M (J3047))",34970,"EA",5.78,202175.06,1.4%,999.00,34935030.00,0.7%
"LIODJ402-AY (810312-023730 / #23730 ORIGINAL DENIM JEGGING L-XL (J3047))",61870,"EA",5.78,357696.99,2.5%,999.00,61808130.00,1.2%
"LIODJ403-AY (810312-023747 / #23747 ORIGINAL DENIM JEGGING 2XL-3XL (J3047))",10760,"EA",5.78,62206.03,0.4%,999.00,10749240.00,0.2%
"LIODJ501-AY (810312-023730 / #23730 ORIGINAL DENIM JEGGING L-XL (J7430))",17856,"EA",6.09,108788.76,0.8%,999.00,17838144.00,0.3%
"LIODJ502-AY (810312-023747 / #23747 ORIGINAL DENIM JEGGING 2XL-3XL (J7430))",1984,"EA",6.09,12077.37,0.1%,999.00,1982016.00,0%
"LIOFC101-FW (810312-022498 / #22498 OPEN FRONT CARDIGAN S-M (C9804))",0,"EA",6.32,0.00,0%,999.00,0.00,0%
"LIOFC102-FW (810312-022504 / #22504 OPEN FRONT CARDIGAN L-XL (C9804))",0,"EA",6.33,0.00,0%,999.00,0.00,0%
"LIP34WKT401-AY (810312-023518 / #23518 PRINTED 3-4 WAFFLE KNIT TUNIC (T5218))",0,"EA",4.18,0.00,0%,999.00,0.00,0%
"LIPBST101-SS (810312-023099 / #23099 PRINTED BISHOP SLEEVE TUNIC S-XL (T0599))",32,"EA",4.87,154.02,0%,999.00,31968.00,0%
"LIPBST102-SS (810312-023105 / #23105 PRINTED BISHOP SLEEVE TUNIC 2XL-3XL (T0599))",4,"EA",4.87,19.86,0%,999.00,3996.00,0%
"LIPBST201-SS (810312-024492 / #24492 PRINTED BISHOP SLEEVE TUNIC S-XL (T9208))",28384,"EA",5.29,150258.16,1%,999.00,28355616.00,0.5%
"LIPBST202-SS (810312-024508 / #24508 PRINTED BISHOP SLEEVE TUNIC 2XL-3XL (T9208))",3548,"EA",5.29,18779.74,0.1%,999.00,3544452.00,0.1%
"LIPDFM101-AY (810312-023372 / #23372 PRINTED DISP FACE MASK - KIDS (M6572))",58752,"EA",0.65,38281.67,0.3%,999.00,58693248.00,1.1%
"LIPDFM102-AY (810312-023365 / #23365 PRINTED DISP FACE MASK - ADULT (M6572))",293760,"EA",0.65,191437.74,1.3%,999.00,293466240.00,5.7%
"LIPDJ201-AY (810312-021552 / #21552 PRINTED JEGGING S-M (P5232))",112,"EA",6.07,679.63,0%,999.00,111888.00,0%
"LIPDJ202-AY (810312-022832 / #22832 PRINTED JEGGING L-XL (P5232))",176,"EA",6.07,1067.73,0%,999.00,175824.00,0%
"LIPDJ301-AY (810312-023846 / #23846 PRINTED JEGGING S-M (J4660))",17498,"EA",6.11,106885.54,0.7%,999.00,17480502.00,0.3%
"LIPDJ302-AY (810312-023853 / #23853 PRINTED JEGGING L-XL (J4660))",30964,"EA",6.11,189144.71,1.3%,999.00,30933036.00,0.6%
"LIPDJ303-AY (810312-023860 / #23860 PRINTED JEGGING 2XL-3XL (J4660))",5392,"EA",6.11,32940.90,0.2%,999.00,5386608.00,0.1%
"LIPDST101-FW (810312-024331 / #24331 PRINTED DROP SHOULDER TUNIC (T3148))",16832,"EA",4.00,67325.96,0.5%,999.00,16815168.00,0.3%
"LIPDST102-FW (810312-024348 / #24348 PRINTED DROP SHOULDER TUNIC 2XL-3XL (T3148))",2104,"EA",4.00,8416.43,0.1%,999.00,2101896.00,0%
"LIPFSP101-FW (810312-024713 / #24713 PRINTED FLEECE SWEATSHIRT S-XL (S2013))",6228,"EA",7.25,45125.77,0.3%,999.00,6221772.00,0.1%
"LIPFSP102-FW (810312-024720 / #24720 PRINTED FLEECE SWEATPANTS S-XL (S2013))",6228,"EA",7.42,46188.25,0.3%,999.00,6221772.00,0.1%
"LIPHC101-FW (810312-023532 / #23532 PRINTED HOODED CARDIGAN (C3249))",28785,"EA",6.31,181492.09,1.3%,999.00,28756215.00,0.6%
"LIPHHT101-FW (810312-023242 / #23242 PRINTED HNKERCHF HEM TUNIC S-XL (T4259))",11008,"EA",5.10,56100.23,0.4%,999.00,10996992.00,0.2%
"LIPHHT102-FW (810312-023259 / #23259 PRINTED HNKERCHF HEM TUNIC 2XL-3XL (T4259))",1376,"EA",5.10,7015.11,0%,999.00,1374624.00,0%
"LIPKT101-FW (810312-023266 / #23266 PLUSH KNIT TUNIC S-XL (T6673))",15091,"EA",5.88,88752.55,0.6%,999.00,15075909.00,0.3%
"LIPKT102-FW (810312-023273 / #23273 PLUSH KNIT TUNIC 2XL-3XL (T6673))",1886,"EA",5.88,11089.44,0.1%,999.00,1884114.00,0%
"LIPOS101-FW (810312-020234 / #20234 PULL OVER SHAWL (S3455))",1242,"EA",5.00,6210.00,0%,999.00,1240758.00,0%
"LIPOS102-FW (810312-021255 / #21255 PRINTED SWEATER VEST (S3455))",1242,"EA",5.00,6210.00,0%,999.00,1240758.00,0%
"LIPP201-FW (810312-020340 / #20340 PLUSH PANTS S-M (P4073))",12,"EA",3.12,37.42,0%,999.00,11988.00,0%
"LIPP202-FW (810312-022573 / #22573 PLUSH PANTS L-XL (P4073))",24,"EA",3.12,74.86,0%,999.00,23976.00,0%
"LIPPP201-SS (810312-020555 / #20555 PRINTED PALAZZO PANTS S-XL (P5590))",0,"EA",5.50,0.00,0%,999.00,0.00,0%
"LIPPP202-SS (810312-020890 / #20890 2XL-3XL-PRINT PALAZO PANTS (P5590))",0,"EA",5.50,0.00,0%,999.00,0.00,0%
"LIPPST101-FW (810312-021705 / #21705 PRINTED POCKET SWING TUNIC S-M (T0541))",0,"EA",4.63,0.00,0%,999.00,0.00,0%
"LIPPST102-FW (810312-022641 / #22641 PRINTED POCKET SWING TUNIC L-XL (T0541))",0,"EA",4.63,0.00,0%,999.00,0.00,0%
"LIPPST301-FW (810312-021705 / #21705 PRINTED POCKET SWING TUNIC S-XL (T7205))",0,"EA",4.00,0.00,0%,999.00,0.00,0%
"LIPPST302-FW (810312-022672 / #22672 PRINT PKT SWG TUNIC 2XL-3XL (T7205))",0,"EA",4.00,0.00,0%,999.00,0.00,0%
"LIPRHBST101-FW (810312-023280 / #23280 PRINTED RD HEM BISHOP SLE TUNIC S-XL (T8097))",21595,"EA",4.61,99470.69,0.7%,999.00,21573405.00,0.4%
"LIPRHBST102-FW (810312-023297 / #23297 PRINTED RD HEM BISHOP SLE TUNIC 2XL-3XL (T...",2705,"EA",4.61,12463.77,0.1%,999.00,2702295.00,0.1%
"LIPSD101-SS (810312-024638 / #24638 PRINTED SHIRTTAIL DRESS S-XL (D3845))",8896,"EA",4.97,44184.70,0.3%,999.00,8887104.00,0.2%
"LIPSD102-SS (810312-024645 / #24645 PRINTED SHIRTTAIL DRESS 2XL-3XL (D3845))",1112,"EA",4.97,5522.69,0%,999.00,1110888.00,0%
"LIPSSPT101-SS (810312-024577 / #245771 PRINTED SHORT SLEEVE POCKET TUNIC S-XL (T7...",16256,"EA",4.13,67196.52,0.5%,999.00,16239744.00,0.3%
"LIPSSPT102-SS (810312-024584 / #24584 PRINTED SHORT SLEEVE POCKET TUNIC 2XL-3XL (...",2032,"EA",4.13,8399.79,0.1%,999.00,2029968.00,0%
"LIPSST101-FW (810312-024119 / #24119 PRINTED V-NECK SIDE SLIT TUNIC S-XL (T1926))",0,"EA",5.09,0.00,0%,999.00,0.00,0%
"LIPSST102-FW (810312-024126 / #24126 PRINTED V-NECK SIDE SLIT TUNIC 2XL-3XL (T1926))",0,"EA",5.09,0.00,0%,999.00,0.00,0%
"LIPTPP101-SS (810312-023075 / #23075 PRINTED TASSEL TIE PALAZZO PANTS S-XL (P7582))",0,"EA",5.69,0.00,0%,999.00,0.00,0%
"LIPTPP102-SS (810312-023082 / #23082 PRINTED TASSEL TIE PALAZZO PANTS 2XL-3XL (P7...",0,"EA",5.69,0.00,0%,999.00,0.00,0%
"LIPTPP201-SS (810312-024393 / #24393 PRINTED TASSEL TIE PALAZZO PANTS S-XL (P9309))",47685,"EA",5.47,260871.05,1.8%,999.00,47637315.00,0.9%
"LIPTPP202-SS (810312-024409 / #24409 PRINTED TASSEL TIE PALAZZO PANTS 2XL-3XL (P9...",4335,"EA",5.47,23715.35,0.2%,999.00,4330665.00,0.1%
"LIPVLS101-SS (810312-024737 / #24737 PRINTED V-NECK LOUNGE SET S-XL (LS3744))",13149,"EA",6.58,86537.19,0.6%,999.00,13135851.00,0.3%
"LIPVLS102-SS (810312-024744 / #24744 PRINTED V-NECK LOUNGE SET 2XL-3XL (LS3744))",1461,"EA",6.75,9866.97,0.1%,999.00,1459539.00,0%
"LIPVN34BCT201-AY (810312-023211 / #23211 PRINT V-NECK 3-4 BAND CLR TUNIC (T0411))",24,"EA",4.59,110.10,0%,999.00,23976.00,0%
"LIPVN34ST101-AY (810312-022238 / #22238 PRINT V-NECK 3-4 SL TUNIC S-M (T5038))",0,"EA",3.19,0.00,0%,999.00,0.00,0%
"LIPVN34ST102-AY (810312-022245 / #22245 PRINT V-NECK 3-4 SL TUNIC L-XL (T5038))",0,"EA",3.19,0.00,0%,999.00,0.00,0%
"LIPVSPT101-SS (810312-024669 / #24669 PRINTED V-NECK SLVELESS POCKET TUNIC S-XL (...",15616,"EA",3.98,62189.20,0.4%,999.00,15600384.00,0.3%
"LIPVSPT102-SS (810312-024676 / #24676 PRINTED V-NECK SLVELESS POCKET TUNIC 2XL-3X...",1952,"EA",3.98,7773.59,0.1%,999.00,1950048.00,0%
"LIRHSST101-AY (810312-022559 / #22559 ROUNDED HEM SS TEE S-M (T5966))",0,"EA",2.31,0.00,0%,999.00,0.00,0%
"LIRHSST102-AY (810312-022566 / #22566 ROUNDED HEM SS TEE L-XL (T5966))",0,"EA",2.31,0.00,0%,999.00,0.00,0%
"LIRKP101-FW (810312-023327 / #23327 RIBBED KNIT PANTS S-XL (P2734))",7392,"EA",5.53,40907.99,0.3%,999.00,7384608.00,0.1%
"LIRKP102-FW (810312-023334 / #23334 RIBBED KNIT PANTS 2XL-3XL (P2734))",924,"EA",5.53,5112.04,0%,999.00,923076.00,0%
"LIRUST101-FW (810312-021729 / #21729 ROLL UP SLEEVE TUNIC S-M (T2919))",2968,"EA",4.58,13605.75,0.1%,999.00,2965032.00,0.1%
"LIRUST102-FW (810312-022719 / #22719 ROLL UP SLEEVE TUNIC L-XL (T2919))",4664,"EA",4.58,21380.66,0.1%,999.00,4659336.00,0.1%
"LIS34PBT402-AY (810312-023525 / #23525 SOLID 3-4 PLEAT BACK TUNIC (T5218))",0,"EA",4.52,0.00,0%,999.00,0.00,0%
"LISBST101-SS (810312-024201 / #24201 SOLID BACK SLIT TUNIC S-XL (T1801))",21697,"EA",5.43,117894.43,0.8%,999.00,21675303.00,0.4%
"LISBST102-SS (810312-024218 / #24218 SOLID BACK SLIT TUNIC 2XL-3XL (T1801))",2712,"EA",5.43,14737.89,0.1%,999.00,2709288.00,0.1%
"LISBT201-FW (810312-022726 / #22726 SHARK-BITE TUNIC S-M (T2633))",8008,"EA",5.86,46924.82,0.3%,999.00,7999992.00,0.2%
"LISBT202-FW (810312-022733 / #22733 SHARK-BITE TUNIC L-XL (T2633))",12584,"EA",5.86,73737.57,0.5%,999.00,12571416.00,0.2%
"LISC101-AY (810312-022511 / #22511 SEAMLESS CAMISOLE S-M (T1128))",0,"EA",3.35,0.00,0%,999.00,0.00,0%
"LISC102-AY (810312-022528 / #22528 SEAMLESS CAMISOLE L-2XL (T1128))",0,"EA",3.35,0.00,0%,999.00,0.00,0%
"LISCL101-AY (810312-023488 / #23488 SOLID COTTON WIDE WTBD LEGS S-XL (L9588))",220,"EA",4.98,1095.96,0%,999.00,219780.00,0%
"LISCL102-AY (810312-023495 / #23495 SOLID COTTON WIDE WTBD LEGS 2XL-3XL (L9588))",20,"EA",4.98,99.63,0%,999.00,19980.00,0%
"LISCL201-AY (810312-024287 / #24287 SOLID COTTON LEGGINGS S-XL (L8794))",33660,"EA",4.87,163804.51,1.1%,999.00,33626340.00,0.6%
"LISCL202-AY (810312-024294 / #24294 SOLID COTTON LEGGINGS 2XL-3XL (L8794))",3060,"EA",4.87,14892.35,0.1%,999.00,3056940.00,0.1%
"LISCP101-AY (810312-023389 / #23389 SOLID CASUAL PANTS S-XL (P8957))",0,"EA",7.12,0.00,0%,999.00,0.00,0%
"LISCP102-AY (810312-024157 / #24157 SOLID CASUAL PANTS 2XL-3XL (P8957))",0,"EA",7.12,0.00,0%,999.00,0.00,0%
"LISDJ101-AY (810312-023051 / #23051 SOLID DENIM JEGGING S-M (J5153))",68,"EA",5.58,379.60,0%,999.00,67932.00,0%
"LISDJ102-AY (810312-023358 / #23358 SOLID DENIM JEGGING L-XL (J5153))",108,"EA",5.58,602.90,0%,999.00,107892.00,0%
"LISDJ103-AY (810312-021453 / #21453 SOLID DENIM JEGGING 2XL-3XL (J5153))",16,"EA",5.58,89.32,0%,999.00,15984.00,0%
"LISDJ201-AY (810312-023051 / #23051 SOLID DENIM JEGGING S-M (J5853))",102,"EA",5.13,523.46,0%,999.00,101898.00,0%
"LISDJ202-AY (810312-023358 / #23358 SOLID DENIM JEGGING L-XL (J5853))",162,"EA",5.13,831.37,0%,999.00,161838.00,0%
"LISDJ203-AY (810312-021453 / #21453 SOLID DENIM JEGGING 2XL-3XL (J5853))",24,"EA",5.13,123.18,0%,999.00,23976.00,0%
"LISFL201-FW (810312-020456 / #20456 SEAMLESS FLEECE LEGGINGS S-L (L5634))",0,"EA",1.50,0.00,0%,999.00,0.00,0%
"LISFL202-FW (810312-022634 / #22634 SEAMLESS FLEECE LEGGINGS L-XXL (L5634))",0,"EA",1.50,0.00,0%,999.00,0.00,0%
"LISFL301-FW (810312-023907 / #23907 SEAMLESS FLEECE LEGGINGS (L1407))",25230,"EA",2.29,57860.88,0.4%,999.00,25204770.00,0.5%
"LISFL302-FW (810312-023914 / #23914 TEXTURED FLEECE LEGGINGS (L1407))",15138,"EA",2.42,36565.42,0.3%,999.00,15122862.00,0.3%
"LISHC101-FW (810312-023549 / #23549 SOLID HOODED CARDIGAN (C3249))",28785,"EA",6.30,181390.51,1.3%,999.00,28756215.00,0.6%
"LISJJ101-AY (810312-023815 / #23815 SOLID JEAN JEGGING S-M (J1539))",11781,"EA",7.09,83525.20,0.6%,999.00,11769219.00,0.2%
"LISJJ102-AY (810312-023822 / #23822 SOLID JEAN JEGGING L-XL (J1539))",20800,"EA",7.09,147472.56,1%,999.00,20779200.00,0.4%
"LISJJ103-AY (810312-023839 / #23839 SOLID JEAN JEGGING 2XL-3XL (J1539))",3623,"EA",7.09,25683.47,0.2%,999.00,3619377.00,0.1%
"LISMD101-SS (810312-024690 / #24690 SMOCKED MAXI DRESS S-XL (D9600))",16672,"EA",6.99,116569.90,0.8%,999.00,16655328.00,0.3%
"LISMD102-SS (810312-024706 / #24706 SMOCKED MAXI DRESS 2XL-3XL (D9600))",2084,"EA",6.99,14571.24,0.1%,999.00,2081916.00,0%
"LISPPT101-SS (810312-024478 / #024478 PRINTED POCKET SLEEVELSS TUNIC (T7885))",92960,"EA",3.86,358814.76,2.5%,999.00,92867040.00,1.8%
"LISPPT102-SS (810312-024485 / #024485 PRINTED POCKET SLVELSS TUN 2XL-3XL(T7885))",11620,"EA",3.86,44852.68,0.3%,999.00,11608380.00,0.2%
"LISPSLT101-SS (810312-024614 / #24614 SOLID POCKET SLEEVELESS TUNIC S-XL (T1421))",15136,"EA",4.82,72993.36,0.5%,999.00,15120864.00,0.3%
"LISPSLT102-SS (810312-024621 / #24621 SOLID POCKET SLEEVELESS TUNIC 2XL-3XL (T1421))",1892,"EA",4.82,9124.17,0.1%,999.00,1890108.00,0%
"LISPST101-FW (810312-021712 / #21712 SOLID POCKET SWING TUNIC S-M (T1258))",0,"EA",4.48,0.00,0%,999.00,0.00,0%
"LISPST102-FW (810312-022658 / #22658 SOLID POCKET SWING TUNIC L-XL (T1258))",0,"EA",4.48,0.00,0%,999.00,0.00,0%
"LISPST201-FW (810312-021712 / #21712 SOLID POCKET SWING TUNIC S-XL (T1289))",0,"EA",4.50,0.00,0%,999.00,0.00,0%
"LISPST202-FW (810312-022689 / #22689 2XL-3XL SOLID PKT SWG TUNIC (T1289))",0,"EA",4.50,0.00,0%,999.00,0.00,0%
"LISPUFFS101-FW (810312-024133 / #24133 SOLID PUFF SLEEVE TUNIC S-XL (T3340))",23079,"EA",5.08,117270.83,0.8%,999.00,23055921.00,0.4%
"LISPUFFS102-FW (810312-024140 / #24140 SOLID PUFF SLEEVE TUNIC 2XL-3XL (T3340))",1608,"EA",5.08,8162.66,0.1%,999.00,1606392.00,0%
"LISSCS101-SS (810312-024539 / #24539 PRINT S. SOFT CASUAL SHORTS (S3960))",28471,"EA",3.40,96694.98,0.7%,999.00,28442529.00,0.5%
"LISSCS102-SS (810312-024546 / #24546 PRINT S. SOFT CASUAL SHORTS 2XL-3XL (S3960))",2847,"EA",3.39,9655.91,0.1%,999.00,2844153.00,0.1%
"LISSCS103-SS (810312-024553 / #24553 SOLID S. SOFT CASUAL SHORTS (S3960))",12337,"EA",3.39,41840.14,0.3%,999.00,12324663.00,0.2%
"LISSCS104-SS (810312-024560 / #24560 SOLID S. SOFT CASUAL SHORTS 2XL-3XL (S3960))",1898,"EA",3.39,6437.04,0%,999.00,1896102.00,0%
"LISSH101-AY (810312-023006 / #23006 SUPER SOFT HOODIE S-M (T0613))",10,"EA",5.99,60.05,0%,999.00,9990.00,0%
"LISSH102-AY (810312-023013 / #23013 SUPER SOFT HOODIE L-XL (T0613))",20,"EA",5.99,118.94,0%,999.00,19980.00,0%
"LISSHT101-SS (810312-023457 / #23457 SOLID SYM HEMLINE TUNIC S-XL (T5764))",1952,"EA",4.17,8136.59,0.1%,999.00,1950048.00,0%
"LISSHT102-SS (810312-023464 / #23464 SOLID SYM HEMLINE TUNIC 2XL-3XL (T5764))",244,"EA",4.17,1018.57,0%,999.00,243756.00,0%
"LISSHT201-SS (810312-024430 / #24430 SOLID SYM HEMLINE TUNIC S-XL (T4730))",30338,"EA",4.16,126235.05,0.9%,999.00,30307662.00,0.6%
"LISSHT202-SS (810312-024447 / #24447 SOLID SYM HEMLINE TUNIC 2XL-3XL (T4730))",3796,"EA",4.16,15795.17,0.1%,999.00,3792204.00,0.1%
"LISSL101-AY (810312-022290 / #22290 SUP SOFT LEG PRINT S-L (L9006))",171,"EA",2.20,375.14,0%,999.00,170829.00,0%
"LISSL102-AY (810312-022306 / #22306 SUP SOFT LEG PRINT L-2XL (L9006))",261,"EA",2.20,571.01,0%,999.00,260739.00,0%
"LISSL111-AY (810312-022313 / #22313 SUP SOFT LEG SOLID BLK S-L (L1320))",882,"EA",2.35,2068.86,0%,999.00,881118.00,0%
"LISSL112-AY (810312-022320 / #22320 SUP SOFT LEG SOLID BLK L-2XL (L1320))",1470,"EA",2.35,3454.63,0%,999.00,1468530.00,0%
"LISSL113-AY (810312-022337 / #22337 SUP SOFT LEG SOLID NVY S-L (L1320))",392,"EA",2.35,918.97,0%,999.00,391608.00,0%
"LISSL114-AY (810312-022344 / #22344 SUP SOFT LEG SOLID NVY L-2XL (L1320))",686,"EA",2.35,1614.23,0%,999.00,685314.00,0%
"LISSL115-AY (810312-022351 / #22351 SUP SOFT LEG SOLID GRY S-L (L1320))",294,"EA",2.35,695.27,0%,999.00,293706.00,0%
"LISSL116-AY (810312-022368 / #22368 SUP SOFT LEG SOLID GRY L-2XL (L1320))",588,"EA",2.35,1382.95,0%,999.00,587412.00,0%
"LISSL117-AY (810312-022375 / #22375 SUP SOFT LEG SOLID BGY S-L (L1320))",196,"EA",2.35,459.41,0%,999.00,195804.00,0%
"LISSL118-AY (810312-022382 / #22382 SUP SOFT LEG SOLID BGY L-2XL (L1320))",197,"EA",2.35,461.53,0%,999.00,196803.00,0%
"LISSL201-AY (810312-023662 / #23662 SOLID SUP SOFT LEG S-L (L6286))",69003,"EA",2.39,164739.30,1.1%,999.00,68933997.00,1.3%
"LISSL202-AY (810312-023679 / #23679 SOLID SUP SOFT LEG L-2XL (L6286))",109592,"EA",2.39,261648.51,1.8%,999.00,109482408.00,2.1%
"LISSL203-AY (810312-023686 / #23686 SOLID SUP SOFT LEG 2XL-3XL (L6286))",16236,"EA",2.39,38759.18,0.3%,999.00,16219764.00,0.3%
"LISSL301-AY (810312-023693 / #23693 PRINTED SUP SOFT LEG S-L (L9316))",66249,"EA",2.28,151144.39,1%,999.00,66182751.00,1.3%
"LISSL302-AY (810312-023709 / #23709 PRINTED SUP SOFT LEG L-XL (L9316))",105219,"EA",2.28,240064.51,1.7%,999.00,105113781.00,2%
"LISSL303-AY (810312-023716 / #23716 PRINTED SUP SOFT LEG 2XL-3XL (L9316))",15435,"EA",2.28,35214.01,0.2%,999.00,15419565.00,0.3%
"LISSLLS101-AY (810312-023648 / #23648 VALENTINES SUP SOFT LEG S-2XL (L4855))",130,"EA",2.15,280.12,0%,999.00,129870.00,0%
"LISSLLS102-AY (810312-023655 / #23655 LOUNGE SET (L4855))",75,"EA",7.56,566.87,0%,999.00,74925.00,0%
"LISSPT101-SS (810312-024188 / #24188 SOLID SHORT SLEEVE POCKET TUNIC S-XL (T5898))",14912,"EA",4.95,73882.38,0.5%,999.00,14897088.00,0.3%
"LISSPT102-SS (810312-024195 / #24195 SOLID SHORT SLEEVE POCKET TUNIC 2XL-3XL (T58...",1864,"EA",4.95,9228.99,0.1%,999.00,1862136.00,0%
"LISST101-AY (810312-022559 / #22559 SOLID SUPER SOFT TEE S-M (T5937))",11,"EA",2.57,28.19,0%,999.00,10989.00,0%
"LISST102-AY (810312-022566 / #22566 SOLID SUPER SOFT TEE L-XL (T5937))",17,"EA",2.57,43.90,0%,999.00,16983.00,0%
"LISST103-AY (810312-023020 / #23020 PRINTED SUPER SOFT TEE S-M (T5937))",8,"EA",2.57,20.93,0%,999.00,7992.00,0%
"LISST104-AY (810312-023037 / #23037 PRINTED SUPER SOFT TEE L-XL (T5937))",12,"EA",2.57,30.81,0%,999.00,11988.00,0%
"LISUS101-AY (810312-023778 / #23778 SOLID UNISEX SCRUB S (S7808))",3630,"EA",4.62,16776.18,0.1%,999.00,3626370.00,0.1%
"LISUS102-AY (810312-023785 / #23785 SOLID UNISEX SCRUB M (S7808))",5082,"EA",4.62,23485.91,0.2%,999.00,5076918.00,0.1%
"LISUS103-AY (810312-023792 / #23792 SOLID UNISEX SCRUB L (S7808))",5082,"EA",4.62,23485.90,0.2%,999.00,5076918.00,0.1%
"LISUS104-AY (810312-023808 / #23808 SOLID UNISEX SCRUB XL (S7808))",3630,"EA",4.62,16776.16,0.1%,999.00,3626370.00,0.1%
"LISVN34BST202-AY (810312-023204 / #23204 SOLID V-NECK 3-4 BELL SL TUNIC (T0411))",24,"EA",5.89,141.31,0%,999.00,23976.00,0%
"LISVN34ST101-AY (810312-022450 / #22450 SOLID V-NECK 3-4 SL TUNIC S-M (T5038))",0,"EA",4.08,0.00,0%,999.00,0.00,0%
"LISVN34ST102-AY (810312-022467 / #22467 SOLID V-NECK 3-4 SL TUNIC L-XL (T5038))",0,"EA",4.08,0.00,0%,999.00,0.00,0%
"LISVSST101-FW (810312-024515 / #24515 SOLID V-NECK SIDE SLIT TUNIC S-XL (T1522))",45216,"EA",5.95,268874.34,1.9%,999.00,45170784.00,0.9%
"LISVSST102-FW (810312-024522 / #24522 SOLID V-NECK SIDE SLIT TUNIC 2XL-3XL (T1522))",5652,"EA",5.95,33609.53,0.2%,999.00,5646348.00,0.1%
"LITFL201-FW (810312-021668 / #21668 TEXTURED FLEECE LEGGINGS S-L (L6843))",10188,"EA",1.94,19737.04,0.1%,999.00,10177812.00,0.2%
"LITFL202-FW (810312-022443 / #22443 TEXTURED FLEECE LEGGINGS L-XXL (L6843))",16980,"EA",1.94,32963.18,0.2%,999.00,16963020.00,0.3%
"LITTBD101-SS (810312-024256 / #24256 TASSEL TIE BACK MAXI DRESS S-XL (D6356))",42784,"EA",3.99,170568.28,1.2%,999.00,42741216.00,0.8%
"LITTBD102-SS (810312-024263 / #24263 TASSEL TIE BACK MAXI DRESS 2XL-3XL (D6356))",5348,"EA",3.99,21320.79,0.1%,999.00,5342652.00,0.1%
"LIUFFH101-FW (810312-024003 / #24003 UNISEX FULL-ZIP FLEECE HOODIE S (T2703))",0,"EA",10.43,0.00,0%,999.00,0.00,0%
"LIUFFH102-FW (810312-024010 / #24010 UNISEX FULL-ZIP FLEECE HOODIE M-L (T2703))",0,"EA",10.43,0.00,0%,999.00,0.00,0%
"LIUFFH103-FW (810312-024027 / #24027 UNISEX FULL-ZIP FLEECE HOODIE XL (T2703))",0,"EA",10.43,0.00,0%,999.00,0.00,0%
"LIUFJP101-FW (810312-023976 / #23976 UNISEX FLEECE JOGGER PANTS S (P7690))",280,"EA",7.39,2068.67,0%,999.00,279720.00,0%
"LIUFJP102-FW (810312-023983 / #23983 UNISEX FLEECE JOGGER PANTS M-L (P7690))",560,"EA",7.39,4137.34,0%,999.00,559440.00,0%
"LIUFJP103-FW (810312-023990 / #23990 UNISEX FLEECE JOGGER PANTS XL (P7690))",840,"EA",7.39,6206.00,0%,999.00,839160.00,0%
"LIUFPP101-FW (810312-024041 / #24041 UNISEX FLANNEL PAJAMA PANTS S (P4165))",480,"EA",6.42,3079.87,0%,999.00,479520.00,0%
"LIUFPP102-FW (810312-024058 / #24058 UNISEX FLANNEL PAJAMA PANTS M-L (P4165))",960,"EA",6.42,6159.90,0%,999.00,959040.00,0%
"LIUFPP103-FW (810312-024065 / #24065 UNISEX FLANNEL PAJAMA PANTS XL (P4165))",1440,"EA",6.42,9239.62,0.1%,999.00,1438560.00,0%
"LIUHS101-FW (810312-024089 / #24089 UNISEX HOLIDAY SWEATSHIRT S (S8902))",0,"EA",7.59,0.00,0%,999.00,0.00,0%
"LIUHS102-FW (810312-024096 / #24096 UNISEX HOLIDAY SWEATSHIRT M-L (S8902))",0,"EA",7.59,0.00,0%,999.00,0.00,0%
"LIUHS103-FW (810312-024102 / #24102 UNISEX HOLIDAY SWEATSHIRT XL (S8902))",0,"EA",7.59,0.00,0%,999.00,0.00,0%
"LIUHS201-FW (810312-024089 / #24089 UNISEX HOLIDAY SWEATSHIRT S (S8902))",8,"EA",6.92,51.67,0%,999.00,7992.00,0%
"LIUHS202-FW (810312-024096 / #24096 UNISEX HOLIDAY SWEATSHIRT M-L (S8902))",14,"EA",6.92,95.05,0%,999.00,13986.00,0%
"LIUHS203-FW (810312-024102 / #24102 UNISEX HOLIDAY SWEATSHIRT XL (S8902))",18,"EA",6.92,128.73,0%,999.00,17982.00,0%
"LIULDJ101-FW (810312-022849 / #22849 ULTRA LIGHT DOWN JACKET S-M BLK (T4955))",831,"EA",10.33,8584.52,0.1%,999.00,830169.00,0%
"LIULDJ102-FW (810312-022856 / #22856 ULTRA LIGHT DOWN JACKET L BLK (T4955))",831,"EA",10.33,8584.40,0.1%,999.00,830169.00,0%
"LIULDJ103-FW (810312-022863 / #22863 ULTRA LIGHT DOWN JACKET XL BLK (T4955))",1662,"EA",10.33,17164.21,0.1%,999.00,1660338.00,0%
"LIULDJ104-FW (810312-022870 / #22870 ULTRA LIGHT DOWN JACKET S-M GRY (T4955))",277,"EA",10.33,2861.26,0%,999.00,276723.00,0%
"LIULDJ105-FW (810312-022887 / #22887 ULTRA LIGHT DOWN JACKET L GRY (T4955))",554,"EA",10.33,5722.26,0%,999.00,553446.00,0%
"LIULDJ106-FW (810312-022894 / #22894 ULTRA LIGHT DOWN JACKET XL GRY (T4955))",831,"EA",10.33,8584.72,0.1%,999.00,830169.00,0%
"LIULDJ107-FW (810312-022900 / #22900 ULTRA LIGHT DOWN JACKET S-M BGY (T4955))",277,"EA",10.33,2861.00,0%,999.00,276723.00,0%
"LIULDJ108-FW (810312-022917 / #22917 ULTRA LIGHT DOWN JACKET L BGY (T4955))",277,"EA",10.33,2860.83,0%,999.00,276723.00,0%
"LIULDJ109-FW (810312-022924 / #22924 ULTRA LIGHT DOWN JACKET XL BGY (T4955))",277,"EA",10.33,2860.54,0%,999.00,276723.00,0%
"LIULDJ110-FW (810312-022931 / #22931 ULTRA LIGHT DOWN JACKET S-M BLH (T4955))",277,"EA",10.33,2860.73,0%,999.00,276723.00,0%
"LIULDJ111-FW (810312-022948 / #22948 ULTRA LIGHT DOWN JACKET L BLH (T4955))",277,"EA",10.33,2860.61,0%,999.00,276723.00,0%
"LIULDJ112-FW (810312-022955 / #22955 ULTRA LIGHT DOWN JACKET XL BLH (T4955))",277,"EA",10.33,2860.37,0%,999.00,276723.00,0%
"LIVFLT101-SS (810312-023044 / #23044 V-NECK FULL LACE TUNIC (T4487))",2053,"EA",5.15,10579.45,0.1%,999.00,2050947.00,0%
"LIVFLT102-SS (810312-021187 / #21187 FULL LACE TUNIC (T4487))",2052,"EA",5.25,10773.00,0.1%,999.00,2049948.00,0%
"LIWWCL101-AY (810312-023143 / #23143 WIDE WTBD COTTON LEGS S-XL (PWP))",48,"EA",4.07,195.34,0%,999.00,47952.00,0%
"MC - MASTER CARTON (CASE - MISCELLANEOUS)",608,"CS",0.00,0.00,0%,0.00,0.00,0%
"MCTXT100-SHIPPER (10810312021504 / SHIPPER OF 20 OZ TX TUMBLER (48 / SHIPPER))",8,"CS",0.00,0.00,0%,0.00,0.00,0%
"MCWT-SHIPPER (10810312021535 / SHIPPER OF WINE TUMBLERS (48 / SHIPPER))",1,"CS",0.00,0.00,0%,0.00,0.00,0%
"MISCELLANEOUS-AY (MISCELLANEOUS CLOSEOUTS)",0,"EA",2.50,0.00,0%,999.00,0.00,0%
"NRB10 (NUMBER OF RETURN BOXES)",74880,"CS",0.00,0.00,0%,0.00,0.00,0%
"RL10 (RETURN LABEL)",11854,"EA",0.00,0.00,0%,0.00,0.00,0%
"SAMPLES10 (SAMPLES)",99,"CS",0.00,0.00,0%,0.00,0.00,0%
"XXXX10100-AY (COUNTER DISPLAY RACK - 2 TIER)",142,"EA",4.00,568.00,0%,999.00,141858.00,0%
"XXXX10204-AY (BLACK COUNTER SPINNER RACK)",128,"EA",7.21,923.46,0%,999.00,127872.00,0%
"XXXX10212-AY (04-001CH / BLACK FOUR WAY RACK)",112,"EA",41.06,4599.74,0%,999.00,111888.00,0%
"XXXX10216-AY (63-304CH / ATTACHMENT ARM - CHROME)",1044,"EA",1.97,2056.68,0%,999.00,1042956.00,0%
"Total Inventory",5309637,"-MIXED-",,14496692.00,100.00%,,5185043766.00,100.00%
"TOTAL",5309637,"-MIXED-",,14496692.00,100.00%,,5185043766.00,100.00%
